source_name,target_name,source_id,target_id,season1,season2,season3,season4,season5
addam_marbrand,kevan_lannister,0,77,1,0,0,0,0
addam_marbrand,leo_lefford,0,82,1,0,0,0,0
addam_marbrand,tyrion_lannister,0,202,1,0,0,0,0
addam_marbrand,tywin_lannister,0,203,1,0,0,0,0
alliser_thorne,davos_seaworth,1,32,0,0,0,0,1
alliser_thorne,eddison_tollet,1,40,0,0,0,3,1
alliser_thorne,gilly,1,47,0,0,0,1,1
alliser_thorne,grenn,1,51,2,0,0,5,0
alliser_thorne,janos_slynt,1,64,0,0,0,7,1
alliser_thorne,jeor_mormont,1,67,1,0,0,0,0
alliser_thorne,jon_snow,1,71,3,0,0,11,6
alliser_thorne,locke,1,84,0,0,0,2,0
alliser_thorne,maester_aemon,1,94,0,0,0,2,1
alliser_thorne,olly,1,127,0,0,0,1,2
alliser_thorne,othell_yarwyck,1,131,1,0,0,2,0
alliser_thorne,petyr_baelish,1,132,1,0,0,0,0
alliser_thorne,pypar,1,138,1,0,0,2,0
alliser_thorne,rast,1,147,1,0,0,0,0
alliser_thorne,samwell_tarly,1,166,4,0,0,4,5
alliser_thorne,stannis_baratheon,1,181,0,0,0,0,1
alliser_thorne,thenn_warg,1,191,0,0,0,1,0
alliser_thorne,tormund,1,198,0,0,0,1,0
alliser_thorne,tyrion_lannister,1,202,2,0,0,0,0
alton_lannister,cersei_lannister,2,23,0,1,0,0,0
alton_lannister,grand_maester_pycelle,2,49,0,1,0,0,0
alton_lannister,jaime_lannister,2,63,0,1,0,0,0
alton_lannister,lord_varys,2,90,0,1,0,0,0
alton_lannister,petyr_baelish,2,132,0,1,0,0,0
alton_lannister,rickard_karstark,2,153,0,1,0,0,0
alton_lannister,robb_stark,2,155,0,1,0,0,0
alton_lannister,roose_bolton,2,159,0,1,0,0,0
alton_lannister,talisa_stark,2,185,0,1,0,0,0
alton_lannister,tyrion_lannister,2,202,0,1,0,0,0
amory_lorch,arya_stark,3,7,0,5,0,0,0
amory_lorch,goldcloak,3,48,0,1,0,0,0
amory_lorch,hot_pie,3,58,0,1,0,0,0
amory_lorch,jaqen_hghar,3,65,0,2,0,0,0
amory_lorch,lommy_grennhands,3,86,0,1,0,0,0
amory_lorch,petyr_baelish,3,132,0,1,0,0,0
amory_lorch,polliver,3,134,0,1,0,0,0
amory_lorch,reginald_lannister,3,149,0,1,0,0,0
amory_lorch,tywin_lannister,3,203,0,4,0,0,0
amory_lorch,yoren,3,221,0,1,0,0,0
anguy,arya_stark,4,7,0,0,10,0,0
anguy,beric_dondarrion,4,12,0,0,3,0,0
anguy,gendry,4,46,0,0,5,0,0
anguy,hot_pie,4,58,0,0,4,0,0
anguy,melisandre,4,109,0,0,2,0,0
anguy,rhaenys,4,152,0,0,1,0,0
anguy,sandor_clegane,4,168,0,0,3,0,0
anguy,thoros,4,193,0,0,10,0,0
anya_waynwood,petyr_baelish,5,132,0,0,0,2,0
anya_waynwood,sansa_stark,5,169,0,0,0,1,0
anya_waynwood,vance_corbray,5,204,0,0,0,1,0
anya_waynwood,yohn_royce,5,220,0,0,0,2,0
areo_hotah,bronn,6,19,0,0,0,0,2
areo_hotah,doran_martell,6,36,0,0,0,0,2
areo_hotah,ellaria_sand,6,42,0,0,0,0,2
areo_hotah,jaime_lannister,6,63,0,0,0,0,2
areo_hotah,myrcella_baratheon,6,122,0,0,0,0,2
areo_hotah,nymeria_sand,6,123,0,0,0,0,1
areo_hotah,obara_sand,6,124,0,0,0,0,1
areo_hotah,sand_snakes,6,167,0,0,0,0,1
areo_hotah,trystane_martell,6,199,0,0,0,0,3
areo_hotah,tyene_sand,6,201,0,0,0,0,1
arya_stark,beric_dondarrion,7,12,0,0,5,0,0
arya_stark,brienne_of_tarth,7,18,0,0,0,1,0
arya_stark,bronn,7,19,0,1,0,0,0
arya_stark,catelyn_stark,7,21,1,0,0,0,0
arya_stark,cersei_lannister,7,23,3,0,0,0,0
arya_stark,eddard_stark,7,39,7,0,0,0,0
arya_stark,gendry,7,46,1,8,7,0,0
arya_stark,goldcloak,7,48,0,2,0,0,0
arya_stark,hot_pie,7,58,1,7,4,0,0
arya_stark,jaqen_hghar,7,65,0,6,0,0,12
arya_stark,joffrey_baratheon,7,69,3,0,0,0,0
arya_stark,jon_snow,7,71,1,0,0,0,0
arya_stark,jorah_mormont,7,73,0,1,0,0,0
arya_stark,jory_cassel,7,74,2,0,0,0,0
arya_stark,lommy_grennhands,7,86,0,2,0,0,0
arya_stark,lord_varys,7,90,1,0,0,0,0
arya_stark,mace_tyrell,7,93,0,0,0,0,1
arya_stark,melisandre,7,109,0,0,2,0,0
arya_stark,meryn_trant,7,112,0,0,0,0,2
arya_stark,mord,7,117,1,0,0,0,0
arya_stark,mycah,7,120,1,0,0,0,0
arya_stark,petyr_baelish,7,132,1,1,0,0,0
arya_stark,podrick_payne,7,133,0,0,0,1,0
arya_stark,polliver,7,134,0,2,0,1,0
arya_stark,reginald_lannister,7,149,0,1,0,0,0
arya_stark,rhaenys,7,152,0,0,1,0,0
arya_stark,robert_baratheon,7,156,3,0,0,0,0
arya_stark,rorge,7,160,0,2,0,1,0
arya_stark,sandor_clegane,7,168,0,0,10,10,0
arya_stark,sansa_stark,7,169,6,0,0,0,0
arya_stark,septa_mordane,7,171,2,0,0,0,0
arya_stark,syrio_forel,7,184,2,0,0,0,0
arya_stark,the_mountain,7,187,0,3,0,0,0
arya_stark,the_tickler,7,188,0,2,0,0,0
arya_stark,the_waif,7,189,0,0,0,0,5
arya_stark,thoros,7,193,0,0,12,0,0
arya_stark,tywin_lannister,7,203,0,7,0,0,0
arya_stark,yoren,7,221,2,3,0,0,0
axell_florent,davos_seaworth,8,32,0,0,0,1,0
axell_florent,selyse_baratheon,8,170,0,0,0,1,0
axell_florent,stannis_baratheon,8,181,0,0,0,1,0
balon_greyjoy,theon_greyjoy,9,192,0,2,0,0,0
balon_greyjoy,yara_greyjoy,9,218,0,2,1,0,0
barristan_selmy,cersei_lannister,10,23,2,0,0,0,0
barristan_selmy,daario_naharis,10,28,0,0,2,4,2
barristan_selmy,daenerys_targaryen,10,29,0,0,7,6,3
barristan_selmy,eddard_stark,10,39,4,0,0,0,0
barristan_selmy,fennesz,10,44,0,0,0,1,0
barristan_selmy,grand_maester_pycelle,10,49,1,0,0,0,0
barristan_selmy,grey_worm,10,52,0,0,1,3,1
barristan_selmy,hizdahr_zo_loraq,10,56,0,0,0,0,1
barristan_selmy,jaime_lannister,10,63,1,0,0,0,0
barristan_selmy,janos_slynt,10,64,1,0,0,0,0
barristan_selmy,joffrey_baratheon,10,69,2,0,0,0,0
barristan_selmy,jorah_mormont,10,73,0,0,10,6,0
barristan_selmy,kraznys_mo_nakloz,10,80,0,0,1,0,0
barristan_selmy,lancel_lannister,10,81,3,0,0,0,0
barristan_selmy,lord_varys,10,90,3,0,0,0,0
barristan_selmy,mero,10,110,0,0,1,0,0
barristan_selmy,missandei,10,115,0,0,3,4,0
barristan_selmy,mossador,10,119,0,0,0,0,3
barristan_selmy,petyr_baelish,10,132,2,0,0,0,0
barristan_selmy,renly_baratheon,10,150,1,0,0,0,0
barristan_selmy,robert_baratheon,10,156,3,0,0,0,0
barristan_selmy,sansa_stark,10,169,1,0,0,0,0
benjen_stark,catelyn_stark,11,21,2,0,0,0,0
benjen_stark,cersei_lannister,11,23,1,0,0,0,0
benjen_stark,eddard_stark,11,39,1,0,0,0,0
benjen_stark,jon_snow,11,71,3,0,0,0,0
benjen_stark,maester_luwin,11,95,1,0,0,0,0
benjen_stark,robb_stark,11,155,3,0,0,0,0
benjen_stark,robert_baratheon,11,156,1,0,0,0,0
benjen_stark,rodrik_cassel,11,158,1,0,0,0,0
benjen_stark,sansa_stark,11,169,1,0,0,0,0
benjen_stark,theon_greyjoy,11,192,1,0,0,0,0
benjen_stark,tyrion_lannister,11,202,3,0,0,0,0
benjen_stark,yoren,11,221,1,0,0,0,0
beric_dondarrion,eddard_stark,12,39,1,0,0,0,0
beric_dondarrion,gendry,12,46,0,0,1,0,0
beric_dondarrion,grand_maester_pycelle,12,49,1,0,0,0,0
beric_dondarrion,petyr_baelish,12,132,1,0,0,0,0
beric_dondarrion,rhaenys,12,152,0,0,1,0,0
beric_dondarrion,sandor_clegane,12,168,0,0,4,0,0
beric_dondarrion,thoros,12,193,0,0,5,0,0
biter,brienne_of_tarth,13,18,0,1,0,0,0
biter,catelyn_stark,13,21,0,1,0,0,0
biter,renly_baratheon,13,150,0,1,0,0,0
black_lorren,bran_stark,14,16,0,1,0,0,0
black_lorren,dagmer_cleftjaw,14,30,0,4,0,0,0
black_lorren,ironborn,14,60,0,1,0,0,0
black_lorren,maester_luwin,14,95,0,3,0,0,0
black_lorren,osha,14,130,0,1,0,0,0
black_lorren,rickon_stark,14,154,0,1,0,0,0
black_lorren,rodrik_cassel,14,158,0,1,0,0,0
black_lorren,theon_greyjoy,14,192,0,5,0,0,0
black_lorren,yara_greyjoy,14,218,0,1,0,0,0
black_walder,catelyn_stark,15,21,0,0,1,0,0
black_walder,edmure_tully,15,41,0,0,1,0,0
black_walder,lothar_frey,15,91,0,0,1,0,0
black_walder,robb_stark,15,155,0,0,1,0,0
bran_stark,catelyn_stark,16,21,3,0,1,0,0
bran_stark,cersei_lannister,16,23,1,0,0,0,0
bran_stark,dagmer_cleftjaw,16,30,0,2,0,0,0
bran_stark,eddard_stark,16,39,2,0,1,0,0
bran_stark,edmure_tully,16,41,0,0,1,0,0
bran_stark,gilly,16,47,0,0,2,0,0
bran_stark,greatjon_umber,16,50,1,0,0,0,0
bran_stark,hodor,16,57,1,3,5,8,0
bran_stark,ironborn,16,60,0,1,0,0,0
bran_stark,jaime_lannister,16,63,1,0,0,0,0
bran_stark,jojen_reed,16,70,0,0,12,7,0
bran_stark,jon_snow,16,71,2,0,1,0,0
bran_stark,karl_tanner,16,75,0,0,0,2,0
bran_stark,locke,16,84,0,0,0,1,0
bran_stark,maester_luwin,16,95,2,4,0,0,0
bran_stark,meera_reed,16,107,0,0,8,12,0
bran_stark,osha,16,130,4,4,7,0,0
bran_stark,rast,16,147,0,0,0,5,0
bran_stark,rickon_stark,16,154,2,3,3,0,0
bran_stark,robb_stark,16,155,6,0,1,0,0
bran_stark,rodrik_cassel,16,158,2,2,0,0,0
bran_stark,roslin_frey,16,162,0,0,1,0,0
bran_stark,samwell_tarly,16,166,0,0,2,0,0
bran_stark,septon,16,173,0,0,1,0,0
bran_stark,theon_greyjoy,16,192,5,3,0,0,0
bran_stark,tyrion_lannister,16,202,1,0,0,0,0
bran_stark,wildling,16,212,1,0,0,0,0
bran_stark,yoren,16,221,1,0,0,0,0
brant,derryk,17,33,0,0,0,0,1
brant,gilly,17,47,0,0,0,0,1
brant,samwell_tarly,17,166,0,0,0,0,1
brienne_of_tarth,bronn,18,19,0,0,0,2,0
brienne_of_tarth,catelyn_stark,18,21,0,8,0,0,0
brienne_of_tarth,cersei_lannister,18,23,0,0,0,1,0
brienne_of_tarth,colen_of_grennpools,18,25,0,1,0,0,0
brienne_of_tarth,dontos_hollard,18,35,0,0,0,1,0
brienne_of_tarth,eyrie_guard,18,43,0,0,0,0,1
brienne_of_tarth,grand_maester_pycelle,18,49,0,0,0,1,0
brienne_of_tarth,hot_pie,18,58,0,0,0,2,0
brienne_of_tarth,jacks,18,62,0,1,0,0,0
brienne_of_tarth,jaime_lannister,18,63,0,4,12,4,0
brienne_of_tarth,joffrey_baratheon,18,69,0,0,0,1,0
brienne_of_tarth,locke,18,84,0,0,5,0,0
brienne_of_tarth,loras_tyrell,18,87,0,2,0,1,0
brienne_of_tarth,maester_luwin,18,95,0,1,0,0,0
brienne_of_tarth,margaery_tyrell,18,102,0,2,0,2,0
brienne_of_tarth,myranda,18,121,0,0,0,0,1
brienne_of_tarth,oberyn_martell,18,125,0,0,0,1,0
brienne_of_tarth,olenna_tyrell,18,126,0,0,0,2,0
brienne_of_tarth,petyr_baelish,18,132,0,1,0,0,1
brienne_of_tarth,podrick_payne,18,133,0,0,0,7,7
brienne_of_tarth,ramsay_bolton,18,146,0,0,0,0,1
brienne_of_tarth,renly_baratheon,18,150,0,3,0,0,0
brienne_of_tarth,rickard_karstark,18,153,0,2,0,0,0
brienne_of_tarth,robb_stark,18,155,0,1,0,0,0
brienne_of_tarth,roose_bolton,18,159,0,0,2,0,0
brienne_of_tarth,sandor_clegane,18,168,0,0,0,1,0
brienne_of_tarth,sansa_stark,18,169,0,0,0,1,1
brienne_of_tarth,stannis_baratheon,18,181,0,0,0,0,1
brienne_of_tarth,tyrion_lannister,18,202,0,0,0,1,0
bronn,catelyn_stark,19,21,5,0,0,0,0
bronn,cersei_lannister,19,23,0,1,0,1,0
bronn,dontos_hollard,19,35,0,0,0,1,0
bronn,doran_martell,19,36,0,0,0,0,2
bronn,ellaria_sand,19,42,0,0,0,1,2
bronn,gendry,19,46,0,1,0,0,0
bronn,grand_maester_pycelle,19,49,0,0,0,1,0
bronn,hallyne,19,54,0,1,0,0,0
bronn,hot_pie,19,58,0,1,0,0,0
bronn,jaime_lannister,19,63,0,0,0,5,9
bronn,janos_slynt,19,64,0,1,0,0,0
bronn,joffrey_baratheon,19,69,0,2,0,1,0
bronn,lancel_lannister,19,81,0,1,0,0,0
bronn,lollys_stokeworth,19,85,0,0,0,0,1
bronn,lommy_grennhands,19,86,0,1,0,0,0
bronn,loras_tyrell,19,87,0,0,0,1,0
bronn,lord_varys,19,90,0,1,0,0,0
bronn,lysa_arryn,19,92,3,0,0,0,0
bronn,margaery_tyrell,19,102,0,0,0,1,0
bronn,marillion,19,103,1,0,0,0,0
bronn,masha_heddle,19,105,1,0,0,0,0
bronn,meryn_trant,19,112,0,1,1,0,0
bronn,morgan,19,118,0,0,0,1,0
bronn,myrcella_baratheon,19,122,0,0,0,0,1
bronn,nymeria_sand,19,123,0,0,0,0,1
bronn,obara_sand,19,124,0,0,0,0,2
bronn,oberyn_martell,19,125,0,0,0,2,0
bronn,olenna_tyrell,19,126,0,0,0,1,0
bronn,olyvar,19,128,0,0,0,1,0
bronn,petyr_baelish,19,132,0,1,0,0,0
bronn,podrick_payne,19,133,0,1,4,3,0
bronn,protestor,19,136,0,1,0,0,0
bronn,robin_arryn,19,157,2,0,0,0,0
bronn,rodrik_cassel,19,158,2,0,0,0,0
bronn,sand_snakes,19,167,0,0,0,0,1
bronn,sandor_clegane,19,168,0,1,0,0,0
bronn,sansa_stark,19,169,0,2,0,1,0
bronn,shae,19,175,3,1,0,0,0
bronn,shagga,19,176,2,0,0,0,0
bronn,trystane_martell,19,199,0,0,0,0,2
bronn,tyene_sand,19,201,0,0,0,0,3
bronn,tyrion_lannister,19,202,13,7,5,5,0
bronn,tywin_lannister,19,203,1,0,0,1,0
bronn,vardis_egen,19,205,2,0,0,0,0
bronn,yoren,19,221,2,0,0,0,0
brynden_tully,catelyn_stark,20,21,0,0,3,0,0
brynden_tully,edmure_tully,20,41,0,0,2,0,0
brynden_tully,lothar_frey,20,91,0,0,1,0,0
brynden_tully,robb_stark,20,155,0,0,3,0,0
brynden_tully,roose_bolton,20,159,0,0,1,0,0
brynden_tully,talisa_stark,20,185,0,0,2,0,0
brynden_tully,walder_frey,20,209,0,0,1,0,0
catelyn_stark,catspaw_assassin,21,22,1,0,0,0,0
catelyn_stark,cersei_lannister,21,23,3,0,0,0,0
catelyn_stark,colen_of_grennpools,21,25,0,1,0,0,0
catelyn_stark,eddard_stark,21,39,8,0,0,0,0
catelyn_stark,edmure_tully,21,41,0,0,3,0,0
catelyn_stark,greatjon_umber,21,50,5,0,0,0,0
catelyn_stark,jacks,21,62,0,1,0,0,0
catelyn_stark,jaime_lannister,21,63,2,3,0,0,0
catelyn_stark,jojen_reed,21,70,0,0,1,0,0
catelyn_stark,jon_snow,21,71,3,0,0,0,0
catelyn_stark,loras_tyrell,21,87,1,1,0,0,0
catelyn_stark,lord_varys,21,90,1,0,0,0,0
catelyn_stark,lothar_frey,21,91,0,0,2,0,0
catelyn_stark,lysa_arryn,21,92,3,0,0,0,0
catelyn_stark,maester_luwin,21,95,4,1,0,0,0
catelyn_stark,margaery_tyrell,21,102,0,1,0,0,0
catelyn_stark,marillion,21,103,2,0,0,0,0
catelyn_stark,martyn,21,104,0,0,1,0,0
catelyn_stark,masha_heddle,21,105,1,0,0,0,0
catelyn_stark,melisandre,21,109,0,1,0,0,0
catelyn_stark,merry_frey,21,111,0,0,1,0,0
catelyn_stark,petyr_baelish,21,132,4,1,0,0,0
catelyn_stark,qyburn,21,142,0,0,1,0,0
catelyn_stark,renly_baratheon,21,150,1,4,0,0,0
catelyn_stark,rickard_karstark,21,153,0,3,2,0,0
catelyn_stark,robb_stark,21,155,11,5,10,0,0
catelyn_stark,robert_baratheon,21,156,2,0,0,0,0
catelyn_stark,robin_arryn,21,157,3,0,0,0,0
catelyn_stark,rodrik_cassel,21,158,8,0,0,0,0
catelyn_stark,roose_bolton,21,159,0,1,2,0,0
catelyn_stark,ryger_rivers,21,164,1,0,0,0,0
catelyn_stark,sandor_clegane,21,168,1,0,0,0,0
catelyn_stark,sansa_stark,21,169,4,0,0,0,0
catelyn_stark,shagga,21,176,1,0,0,0,0
catelyn_stark,stannis_baratheon,21,181,0,1,0,0,0
catelyn_stark,stevron_frey,21,182,1,0,0,0,0
catelyn_stark,talisa_stark,21,185,0,1,5,0,0
catelyn_stark,theon_greyjoy,21,192,6,0,0,0,0
catelyn_stark,tyrion_lannister,21,202,6,0,0,0,0
catelyn_stark,vardis_egen,21,205,2,0,0,0,0
catelyn_stark,walder_frey,21,209,1,0,4,0,0
catelyn_stark,willem,21,214,0,0,1,0,0
catelyn_stark,yoren,21,221,2,0,0,0,0
cersei_lannister,dontos_hollard,23,35,0,0,0,2,0
cersei_lannister,drowned_priest,23,38,0,0,0,0,1
cersei_lannister,eddard_stark,23,39,8,0,0,0,0
cersei_lannister,grand_maester_pycelle,23,49,2,3,2,5,4
cersei_lannister,high_sparrow,23,55,0,0,0,0,5
cersei_lannister,hizdahr_zo_loraq,23,56,0,0,0,0,1
cersei_lannister,jaime_lannister,23,63,4,0,0,5,2
cersei_lannister,janos_slynt,23,64,1,0,0,0,0
cersei_lannister,joffrey_baratheon,23,69,4,3,5,2,0
cersei_lannister,jory_cassel,23,74,2,0,0,0,0
cersei_lannister,kevan_lannister,23,77,0,0,0,0,2
cersei_lannister,lancel_lannister,23,81,1,3,0,0,3
cersei_lannister,loras_tyrell,23,87,0,1,2,1,1
cersei_lannister,lord_varys,23,90,4,1,1,3,0
cersei_lannister,mace_tyrell,23,93,0,0,0,3,3
cersei_lannister,maggy,23,96,0,0,0,0,1
cersei_lannister,mandon_moore,23,100,0,1,0,0,0
cersei_lannister,margaery_tyrell,23,102,0,1,3,2,4
cersei_lannister,melara_hetherspoon,23,108,0,0,0,0,2
cersei_lannister,meryn_trant,23,112,0,0,0,1,3
cersei_lannister,myrcella_baratheon,23,122,1,1,0,0,0
cersei_lannister,oberyn_martell,23,125,0,0,0,4,0
cersei_lannister,olenna_tyrell,23,126,0,0,2,1,2
cersei_lannister,olyvar,23,128,0,0,0,0,2
cersei_lannister,petyr_baelish,23,132,3,3,1,0,1
cersei_lannister,podrick_payne,23,133,0,0,2,0,0
cersei_lannister,qyburn,23,142,0,0,0,2,5
cersei_lannister,renly_baratheon,23,150,1,0,0,0,0
cersei_lannister,robb_stark,23,155,1,0,0,0,0
cersei_lannister,robert_baratheon,23,156,6,0,0,0,0
cersei_lannister,sandor_clegane,23,168,0,2,0,0,0
cersei_lannister,sansa_stark,23,169,6,8,1,1,0
cersei_lannister,septa_mordane,23,171,1,0,0,0,0
cersei_lannister,septa_unella,23,172,0,0,0,0,2
cersei_lannister,shae,23,175,0,3,0,0,0
cersei_lannister,stannis_baratheon,23,181,0,2,0,0,0
cersei_lannister,the_mountain,23,187,0,0,0,1,0
cersei_lannister,tommen_baratheon,23,197,0,2,0,2,3
cersei_lannister,tyrion_lannister,23,202,1,8,5,3,0
cersei_lannister,tywin_lannister,23,203,0,2,4,8,0
cohollo,daenerys_targaryen,24,29,1,0,0,0,0
cohollo,khal_drogo,24,78,1,0,0,0,0
colen_of_grennpools,loras_tyrell,25,87,0,1,0,0,0
colen_of_grennpools,maester_luwin,25,95,0,1,0,0,0
colen_of_grennpools,margaery_tyrell,25,102,0,1,0,0,0
colen_of_grennpools,renly_baratheon,25,150,0,1,0,0,0
cooper,donnel_hill,26,34,0,0,0,1,0
cooper,eddison_tollet,26,40,0,0,0,1,0
cooper,grenn,26,51,0,0,0,1,0
cooper,jon_snow,26,71,0,0,0,1,0
craster,eddison_tollet,27,40,0,0,1,0,0
craster,gilly,27,47,0,0,1,0,0
craster,grenn,27,51,0,0,1,0,0
craster,jeor_mormont,27,67,0,1,2,0,0
craster,jon_snow,27,71,0,1,0,0,0
craster,karl_tanner,27,75,0,0,2,0,0
craster,rast,27,147,0,0,1,0,0
craster,samwell_tarly,27,166,0,0,2,0,0
daario_naharis,daenerys_targaryen,28,29,0,0,4,6,8
daario_naharis,grey_worm,28,52,0,0,1,2,2
daario_naharis,hizdahr_zo_loraq,28,56,0,0,0,0,5
daario_naharis,jorah_mormont,28,73,0,0,4,5,2
daario_naharis,melisandre,28,109,0,0,0,0,1
daario_naharis,mero,28,110,0,0,2,0,0
daario_naharis,missandei,28,115,0,0,1,3,1
daario_naharis,mossador,28,119,0,0,0,0,2
daario_naharis,prendahl,28,135,0,0,1,0,0
daario_naharis,shae,28,175,0,0,1,0,0
daario_naharis,tyrion_lannister,28,202,0,0,0,0,2
daenerys_targaryen,doreah,29,37,6,2,0,0,0
daenerys_targaryen,fennesz,29,44,0,0,0,1,0
daenerys_targaryen,grey_worm,29,52,0,0,2,5,1
daenerys_targaryen,hizdahr_zo_loraq,29,56,0,0,0,1,9
daenerys_targaryen,illyrio_mopatis,29,59,2,0,0,0,0
daenerys_targaryen,irri,29,61,6,3,0,0,0
daenerys_targaryen,jhiqui,29,68,1,0,0,0,0
daenerys_targaryen,jorah_mormont,29,73,12,8,10,8,3
daenerys_targaryen,khal_drogo,29,78,7,1,0,0,0
daenerys_targaryen,kovarro,29,79,0,2,0,0,0
daenerys_targaryen,kraznys_mo_nakloz,29,80,0,0,3,0,0
daenerys_targaryen,mago,29,97,1,0,0,0,0
daenerys_targaryen,melisandre,29,109,0,0,0,0,1
daenerys_targaryen,mero,29,110,0,0,1,0,0
daenerys_targaryen,mirri_maz_duur,29,114,6,0,0,0,0
daenerys_targaryen,missandei,29,115,0,0,8,7,3
daenerys_targaryen,mossador,29,119,0,0,0,1,4
daenerys_targaryen,pyat_pree,29,137,0,3,0,0,0
daenerys_targaryen,qotho,29,140,4,0,0,0,0
daenerys_targaryen,quaithe,29,141,0,1,0,0,0
daenerys_targaryen,radzal_mo_eraz,29,143,0,0,1,0,0
daenerys_targaryen,rakharo,29,144,3,0,0,0,0
daenerys_targaryen,robert_baratheon,29,156,2,0,0,0,0
daenerys_targaryen,silk_king,29,178,0,1,0,0,0
daenerys_targaryen,spice_king,29,180,0,3,0,0,0
daenerys_targaryen,syrio_forel,29,184,1,0,0,0,0
daenerys_targaryen,tyrion_lannister,29,202,0,0,0,0,4
daenerys_targaryen,viserys_targaryen,29,207,9,0,0,0,0
daenerys_targaryen,wine_merchant,29,215,1,0,0,0,0
daenerys_targaryen,xaro_xhoan_daxos,29,217,0,8,0,0,0
dagmer_cleftjaw,ironborn,30,60,0,1,0,0,0
dagmer_cleftjaw,maester_luwin,30,95,0,4,0,0,0
dagmer_cleftjaw,osha,30,130,0,1,0,0,0
dagmer_cleftjaw,rickon_stark,30,154,0,1,0,0,0
dagmer_cleftjaw,rodrik_cassel,30,158,0,1,0,0,0
dagmer_cleftjaw,theon_greyjoy,30,192,0,7,0,0,0
dagmer_cleftjaw,yara_greyjoy,30,218,0,1,0,0,0
daisy,joffrey_baratheon,31,69,0,1,0,0,0
daisy,ros,31,161,0,1,0,0,0
daisy,sandor_clegane,31,168,0,1,0,0,0
davos_seaworth,eddison_tollet,32,40,0,0,0,0,1
davos_seaworth,gendry,32,46,0,0,2,0,0
davos_seaworth,jon_snow,32,71,0,0,0,1,6
davos_seaworth,mance_rayder,32,99,0,0,0,1,0
davos_seaworth,matthos_seaworth,32,106,0,6,0,0,0
davos_seaworth,melisandre,32,109,0,2,3,0,2
davos_seaworth,olly,32,127,0,0,0,0,1
davos_seaworth,salladhor_saan,32,165,0,1,2,1,0
davos_seaworth,samwell_tarly,32,166,0,0,0,0,1
davos_seaworth,selyse_baratheon,32,170,0,0,0,1,1
davos_seaworth,shireen_baratheon,32,177,0,0,2,1,2
davos_seaworth,stannis_baratheon,32,181,0,5,4,4,9
davos_seaworth,tycho,32,200,0,0,0,1,0
derryk,gilly,33,47,0,0,0,0,1
derryk,samwell_tarly,33,166,0,0,0,0,1
donnel_hill,eddison_tollet,34,40,0,0,0,1,0
donnel_hill,grenn,34,51,0,0,0,1,0
donnel_hill,jon_snow,34,71,0,0,0,1,0
dontos_hollard,grand_maester_pycelle,35,49,0,0,0,1,0
dontos_hollard,jaime_lannister,35,63,0,0,0,1,0
dontos_hollard,joffrey_baratheon,35,69,0,0,0,1,0
dontos_hollard,loras_tyrell,35,87,0,0,0,1,0
dontos_hollard,margaery_tyrell,35,102,0,0,0,1,0
dontos_hollard,oberyn_martell,35,125,0,0,0,1,0
dontos_hollard,olenna_tyrell,35,126,0,0,0,1,0
dontos_hollard,petyr_baelish,35,132,0,0,0,1,0
dontos_hollard,sansa_stark,35,169,0,0,0,3,0
dontos_hollard,tyrion_lannister,35,202,0,0,0,1,0
dontos_hollard,tywin_lannister,35,203,0,0,0,1,0
doran_martell,ellaria_sand,36,42,0,0,0,0,3
doran_martell,jaime_lannister,36,63,0,0,0,0,3
doran_martell,myrcella_baratheon,36,122,0,0,0,0,1
doran_martell,trystane_martell,36,199,0,0,0,0,2
doran_martell,tyene_sand,36,201,0,0,0,0,1
doreah,irri,37,61,2,1,0,0,0
doreah,jhiqui,37,68,1,0,0,0,0
doreah,jorah_mormont,37,73,2,1,0,0,0
doreah,viserys_targaryen,37,207,2,0,0,0,0
doreah,xaro_xhoan_daxos,37,217,0,2,0,0,0
drowned_priest,melara_hetherspoon,38,108,0,0,0,0,1
drowned_priest,theon_greyjoy,38,192,0,1,0,0,0
eddard_stark,gendry,39,46,1,0,0,0,0
eddard_stark,grand_maester_pycelle,39,49,7,0,0,0,0
eddard_stark,hodor,39,57,0,0,1,0,0
eddard_stark,jaime_lannister,39,63,4,0,0,0,0
eddard_stark,janos_slynt,39,64,2,0,0,0,0
eddard_stark,jeor_mormont,39,67,1,0,0,0,0
eddard_stark,joffrey_baratheon,39,69,2,0,0,0,0
eddard_stark,jojen_reed,39,70,0,0,1,0,0
eddard_stark,jon_snow,39,71,4,0,1,0,0
eddard_stark,jory_cassel,39,74,9,0,0,0,0
eddard_stark,lancel_lannister,39,81,1,0,0,0,0
eddard_stark,loras_tyrell,39,87,1,0,0,0,0
eddard_stark,lord_varys,39,90,9,0,0,0,0
eddard_stark,maester_luwin,39,95,1,0,0,0,0
eddard_stark,marillion,39,103,1,0,0,0,0
eddard_stark,mhaegen,39,113,1,0,0,0,0
eddard_stark,osha,39,130,0,0,1,0,0
eddard_stark,petyr_baelish,39,132,14,0,0,0,0
eddard_stark,renly_baratheon,39,150,5,0,0,0,0
eddard_stark,robb_stark,39,155,3,0,1,0,0
eddard_stark,robert_baratheon,39,156,12,0,0,0,0
eddard_stark,rodrik_cassel,39,158,2,0,0,0,0
eddard_stark,royal_steward,39,163,1,0,0,0,0
eddard_stark,sandor_clegane,39,168,2,0,0,0,0
eddard_stark,sansa_stark,39,169,6,0,0,0,0
eddard_stark,septa_mordane,39,171,1,0,0,0,0
eddard_stark,theon_greyjoy,39,192,2,0,0,0,0
eddard_stark,tobho_mott,39,195,1,0,0,0,0
eddard_stark,tomard,39,196,1,0,0,0,0
eddard_stark,tyrion_lannister,39,202,2,0,0,0,0
eddard_stark,will,39,213,1,0,0,0,0
eddard_stark,yoren,39,221,1,0,0,0,0
eddison_tollet,gilly,40,47,0,1,0,0,0
eddison_tollet,grenn,40,51,0,4,3,8,0
eddison_tollet,janos_slynt,40,64,0,0,0,1,0
eddison_tollet,jeor_mormont,40,67,0,1,2,0,0
eddison_tollet,jon_snow,40,71,0,1,0,9,2
eddison_tollet,jorah_mormont,40,73,0,0,0,0,1
eddison_tollet,karl_tanner,40,75,0,0,1,0,0
eddison_tollet,karsi,40,76,0,0,0,0,1
eddison_tollet,loboda,40,83,0,0,0,0,1
eddison_tollet,locke,40,84,0,0,0,1,0
eddison_tollet,morag,40,116,0,0,0,1,0
eddison_tollet,pypar,40,138,0,0,0,2,0
eddison_tollet,rast,40,147,0,0,3,0,0
eddison_tollet,samwell_tarly,40,166,0,4,2,3,1
eddison_tollet,stannis_baratheon,40,181,0,0,0,0,1
eddison_tollet,tormund,40,198,0,0,0,1,1
eddison_tollet,wun_wun,40,216,0,0,0,0,1
eddison_tollet,ygritte,40,219,0,0,0,1,0
edmure_tully,lothar_frey,41,91,0,0,2,0,0
edmure_tully,martyn,41,104,0,0,1,0,0
edmure_tully,rickard_karstark,41,153,0,0,1,0,0
edmure_tully,robb_stark,41,155,0,0,4,0,0
edmure_tully,roose_bolton,41,159,0,0,1,0,0
edmure_tully,roslin_frey,41,162,0,0,1,0,0
edmure_tully,septon,41,173,0,0,1,0,0
edmure_tully,talisa_stark,41,185,0,0,2,0,0
edmure_tully,walder_frey,41,209,0,0,1,0,0
edmure_tully,willem,41,214,0,0,1,0,0
ellaria_sand,grand_maester_pycelle,42,49,0,0,0,1,0
ellaria_sand,jaime_lannister,42,63,0,0,0,1,4
ellaria_sand,morgan,42,118,0,0,0,1,0
ellaria_sand,myrcella_baratheon,42,122,0,0,0,0,2
ellaria_sand,nymeria_sand,42,123,0,0,0,0,1
ellaria_sand,obara_sand,42,124,0,0,0,0,2
ellaria_sand,oberyn_martell,42,125,0,0,0,3,0
ellaria_sand,olyvar,42,128,0,0,0,2,0
ellaria_sand,samwell_tarly,42,166,0,0,0,1,0
ellaria_sand,sand_snakes,42,167,0,0,0,0,1
ellaria_sand,the_mountain,42,187,0,0,0,1,0
ellaria_sand,trystane_martell,42,199,0,0,0,0,3
ellaria_sand,tyene_sand,42,201,0,0,0,0,2
ellaria_sand,tyrion_lannister,42,202,0,0,0,2,0
ellaria_sand,tywin_lannister,42,203,0,0,0,1,0
eyrie_guard,petyr_baelish,43,132,0,0,0,0,1
eyrie_guard,podrick_payne,43,133,0,0,0,0,1
eyrie_guard,sansa_stark,43,169,0,0,0,0,1
fennesz,grey_worm,44,52,0,0,0,1,0
fennesz,missandei,44,115,0,0,0,1,0
gared,waymar_royce,45,210,1,0,0,0,0
gared,will,45,213,1,0,0,0,0
gendry,goldcloak,46,48,0,1,0,0,0
gendry,hot_pie,46,58,1,4,3,0,0
gendry,jaqen_hghar,46,65,0,1,0,0,0
gendry,jorah_mormont,46,73,0,1,0,0,0
gendry,jory_cassel,46,74,1,0,0,0,0
gendry,lommy_grennhands,46,86,0,1,0,0,0
gendry,melisandre,46,109,0,0,3,0,0
gendry,polliver,46,134,0,1,0,0,0
gendry,rorge,46,160,0,2,0,0,0
gendry,sandor_clegane,46,168,0,0,2,0,0
gendry,stannis_baratheon,46,181,0,0,1,0,0
gendry,the_mountain,46,187,0,1,0,0,0
gendry,the_tickler,46,188,0,1,0,0,0
gendry,theon_greyjoy,46,192,0,1,0,0,0
gendry,thoros,46,193,0,0,6,0,0
gendry,tobho_mott,46,195,1,0,0,0,0
gendry,tywin_lannister,46,203,0,1,0,0,0
gendry,yara_greyjoy,46,218,0,1,0,0,0
gendry,yoren,46,221,1,2,0,0,0
gilly,grenn,47,51,0,1,0,0,0
gilly,hodor,47,57,0,0,1,0,0
gilly,janos_slynt,47,64,0,0,0,1,0
gilly,jeor_mormont,47,67,0,1,1,0,0
gilly,jojen_reed,47,70,0,0,2,0,0
gilly,jon_snow,47,71,0,1,0,0,1
gilly,karl_tanner,47,75,0,0,1,0,0
gilly,maester_aemon,47,94,0,0,1,1,1
gilly,meera_reed,47,107,0,0,2,0,0
gilly,olly,47,127,0,0,0,0,2
gilly,pypar,47,138,0,0,0,1,0
gilly,rast,47,147,0,0,1,0,0
gilly,samwell_tarly,47,166,0,3,9,5,5
gilly,selyse_baratheon,47,170,0,0,0,0,1
gilly,shireen_baratheon,47,177,0,0,0,0,1
gilly,stannis_baratheon,47,181,0,0,0,0,1
goldcloak,hot_pie,48,58,0,1,0,0,0
goldcloak,jaqen_hghar,48,65,0,2,0,0,0
goldcloak,lommy_grennhands,48,86,0,1,0,0,0
goldcloak,polliver,48,134,0,1,0,0,0
goldcloak,rorge,48,160,0,1,0,0,0
goldcloak,yoren,48,221,0,2,0,0,0
grand_maester_pycelle,jaime_lannister,49,63,0,0,0,2,0
grand_maester_pycelle,jeor_mormont,49,67,1,0,0,0,0
grand_maester_pycelle,joffrey_baratheon,49,69,1,1,1,2,0
grand_maester_pycelle,kevan_lannister,49,77,0,0,0,0,2
grand_maester_pycelle,lancel_lannister,49,81,0,0,0,0,1
grand_maester_pycelle,loras_tyrell,49,87,0,1,0,1,1
grand_maester_pycelle,lord_varys,49,90,4,1,1,3,0
grand_maester_pycelle,mace_tyrell,49,93,0,0,0,2,3
grand_maester_pycelle,margaery_tyrell,49,102,0,1,0,2,0
grand_maester_pycelle,meryn_trant,49,112,0,0,0,0,1
grand_maester_pycelle,oberyn_martell,49,125,0,0,0,3,0
grand_maester_pycelle,olenna_tyrell,49,126,0,0,0,1,0
grand_maester_pycelle,petyr_baelish,49,132,6,2,0,0,0
grand_maester_pycelle,podrick_payne,49,133,0,1,0,0,0
grand_maester_pycelle,qyburn,49,142,0,0,0,1,2
grand_maester_pycelle,renly_baratheon,49,150,2,0,0,0,0
grand_maester_pycelle,robert_baratheon,49,156,1,0,0,0,0
grand_maester_pycelle,ros,49,161,1,0,0,0,0
grand_maester_pycelle,royal_steward,49,163,1,0,0,0,0
grand_maester_pycelle,sansa_stark,49,169,2,1,0,1,0
grand_maester_pycelle,the_mountain,49,187,0,0,0,1,0
grand_maester_pycelle,timett,49,194,0,1,0,0,0
grand_maester_pycelle,tyrion_lannister,49,202,0,4,1,3,0
grand_maester_pycelle,tywin_lannister,49,203,0,1,1,2,0
greatjon_umber,jaime_lannister,50,63,1,0,0,0,0
greatjon_umber,jon_snow,50,71,1,0,0,0,0
greatjon_umber,jonos_bracken,50,72,1,0,0,0,0
greatjon_umber,lord_galbart_glover,50,88,1,0,0,0,0
greatjon_umber,rickard_karstark,50,153,1,0,0,0,0
greatjon_umber,rickon_stark,50,154,1,0,0,0,0
greatjon_umber,robb_stark,50,155,8,0,0,0,0
greatjon_umber,rodrik_cassel,50,158,3,0,0,0,0
greatjon_umber,theon_greyjoy,50,192,5,0,0,0,0
grenn,janos_slynt,51,64,0,0,0,3,0
grenn,jeor_mormont,51,67,0,1,2,0,0
grenn,jon_snow,51,71,5,1,0,11,0
grenn,karl_tanner,51,75,0,0,1,0,0
grenn,locke,51,84,0,0,0,2,0
grenn,morag,51,116,0,0,0,1,0
grenn,olly,51,127,0,0,0,1,0
grenn,othell_yarwyck,51,131,0,0,0,1,0
grenn,pypar,51,138,5,0,0,2,0
grenn,rast,51,147,2,0,3,0,0
grenn,samwell_tarly,51,166,3,4,2,3,0
grenn,tyrion_lannister,51,202,2,0,0,0,0
grey_worm,jorah_mormont,52,73,0,0,1,3,1
grey_worm,missandei,52,115,0,0,1,6,3
grey_worm,mossador,52,119,0,0,0,1,1
grey_worm,ralf_kenning,52,145,0,0,0,1,0
grey_worm,ramsay_bolton,52,146,0,0,0,1,0
grey_worm,theon_greyjoy,52,192,0,0,0,1,0
grey_worm,tyrion_lannister,52,202,0,0,0,0,1
guymon,olly,53,127,0,0,0,1,0
guymon,styr,53,183,0,0,0,1,0
hallyne,tyrion_lannister,54,202,0,1,0,0,0
high_sparrow,hizdahr_zo_loraq,55,56,0,0,0,0,1
high_sparrow,lancel_lannister,55,81,0,0,0,0,1
high_sparrow,margaery_tyrell,55,102,0,0,0,0,1
high_sparrow,meryn_trant,55,112,0,0,0,0,1
high_sparrow,olenna_tyrell,55,126,0,0,0,0,2
high_sparrow,olyvar,55,128,0,0,0,0,2
hizdahr_zo_loraq,jorah_mormont,56,73,0,0,0,0,2
hizdahr_zo_loraq,margaery_tyrell,56,102,0,0,0,0,1
hizdahr_zo_loraq,missandei,56,115,0,0,0,1,2
hizdahr_zo_loraq,mossador,56,119,0,0,0,0,2
hizdahr_zo_loraq,olenna_tyrell,56,126,0,0,0,0,1
hizdahr_zo_loraq,olyvar,56,128,0,0,0,0,1
hizdahr_zo_loraq,tyrion_lannister,56,202,0,0,0,0,2
hodor,jojen_reed,57,70,0,0,5,5,0
hodor,jon_snow,57,71,0,0,1,0,0
hodor,karl_tanner,57,75,0,0,0,1,0
hodor,locke,57,84,0,0,0,1,0
hodor,maester_luwin,57,95,0,2,0,0,0
hodor,meera_reed,57,107,0,0,4,7,0
hodor,osha,57,130,1,1,3,0,0
hodor,rast,57,147,0,0,0,3,0
hodor,rickon_stark,57,154,0,1,1,0,0
hodor,robb_stark,57,155,0,0,1,0,0
hodor,rodrik_cassel,57,158,0,1,0,0,0
hodor,samwell_tarly,57,166,0,0,1,0,0
hot_pie,jaqen_hghar,58,65,0,2,0,0,0
hot_pie,jorah_mormont,58,73,0,1,0,0,0
hot_pie,lommy_grennhands,58,86,0,2,0,0,0
hot_pie,podrick_payne,58,133,0,0,0,2,0
hot_pie,polliver,58,134,0,1,0,0,0
hot_pie,rorge,58,160,0,1,0,0,0
hot_pie,sandor_clegane,58,168,0,0,1,0,0
hot_pie,the_mountain,58,187,0,1,0,0,0
hot_pie,the_tickler,58,188,0,1,0,0,0
hot_pie,thoros,58,193,0,0,4,0,0
hot_pie,yoren,58,221,1,1,0,0,0
illyrio_mopatis,jorah_mormont,59,73,1,0,0,0,0
illyrio_mopatis,lord_varys,59,90,2,0,0,0,0
illyrio_mopatis,petyr_baelish,59,132,1,0,0,0,0
illyrio_mopatis,renly_baratheon,59,150,1,0,0,0,0
illyrio_mopatis,viserys_targaryen,59,207,3,0,0,0,0
ironborn,maester_luwin,60,95,0,1,0,0,0
ironborn,osha,60,130,0,1,0,0,0
ironborn,rickon_stark,60,154,0,1,0,0,0
ironborn,rodrik_cassel,60,158,0,1,0,0,0
ironborn,theon_greyjoy,60,192,0,1,0,0,0
irri,jhiqui,61,68,1,0,0,0,0
irri,jorah_mormont,61,73,4,2,0,0,0
irri,kovarro,61,79,0,1,0,0,0
irri,mirri_maz_duur,61,114,1,0,0,0,0
irri,pyat_pree,61,137,0,1,0,0,0
irri,qotho,61,140,1,0,0,0,0
irri,quaithe,61,141,0,1,0,0,0
irri,rakharo,61,144,2,0,0,0,0
irri,robert_baratheon,61,156,1,0,0,0,0
irri,viserys_targaryen,61,207,3,0,0,0,0
irri,xaro_xhoan_daxos,61,217,0,1,0,0,0
jacks,rickard_karstark,62,153,0,1,0,0,0
jaime_lannister,joffrey_baratheon,63,69,0,0,0,2,0
jaime_lannister,jon_snow,63,71,1,0,0,0,0
jaime_lannister,jory_cassel,63,74,2,0,0,0,0
jaime_lannister,kevan_lannister,63,77,1,0,0,0,0
jaime_lannister,lancel_lannister,63,81,1,0,0,0,0
jaime_lannister,locke,63,84,0,0,6,0,0
jaime_lannister,lollys_stokeworth,63,85,0,0,0,0,1
jaime_lannister,loras_tyrell,63,87,0,0,0,1,0
jaime_lannister,mace_tyrell,63,93,0,0,0,1,0
jaime_lannister,margaery_tyrell,63,102,0,0,0,1,0
jaime_lannister,myrcella_baratheon,63,122,1,0,0,0,4
jaime_lannister,obara_sand,63,124,0,0,0,0,1
jaime_lannister,oberyn_martell,63,125,0,0,0,2,0
jaime_lannister,olenna_tyrell,63,126,0,0,0,1,0
jaime_lannister,petyr_baelish,63,132,1,0,0,0,0
jaime_lannister,podrick_payne,63,133,0,0,0,2,0
jaime_lannister,qyburn,63,142,0,0,2,1,0
jaime_lannister,rickard_karstark,63,153,0,2,0,0,0
jaime_lannister,robb_stark,63,155,2,2,0,0,0
jaime_lannister,robert_baratheon,63,156,2,0,0,0,0
jaime_lannister,rodrik_cassel,63,158,1,0,0,0,0
jaime_lannister,roose_bolton,63,159,0,0,3,0,0
jaime_lannister,ros,63,161,1,0,0,0,0
jaime_lannister,sand_snakes,63,167,0,0,0,0,1
jaime_lannister,sansa_stark,63,169,1,0,0,1,0
jaime_lannister,ser_endrew_tarth,63,174,0,0,0,1,0
jaime_lannister,shae,63,175,0,0,0,1,0
jaime_lannister,shagga,63,176,1,0,0,0,0
jaime_lannister,the_mountain,63,187,0,0,0,1,0
jaime_lannister,theon_greyjoy,63,192,1,0,0,0,0
jaime_lannister,trystane_martell,63,199,0,0,0,0,2
jaime_lannister,tyene_sand,63,201,0,0,0,0,1
jaime_lannister,tyrion_lannister,63,202,3,0,0,9,0
jaime_lannister,tywin_lannister,63,203,2,0,0,3,0
janos_slynt,joffrey_baratheon,64,69,1,0,0,0,0
janos_slynt,jon_snow,64,71,0,0,0,5,2
janos_slynt,locke,64,84,0,0,0,1,0
janos_slynt,lord_varys,64,90,2,0,0,0,0
janos_slynt,maester_aemon,64,94,0,0,0,1,1
janos_slynt,olly,64,127,0,0,0,1,0
janos_slynt,othell_yarwyck,64,131,0,0,0,1,0
janos_slynt,petyr_baelish,64,132,2,0,0,0,0
janos_slynt,podrick_payne,64,133,0,1,0,0,0
janos_slynt,pypar,64,138,0,0,0,2,0
janos_slynt,renly_baratheon,64,150,1,0,0,0,0
janos_slynt,samwell_tarly,64,166,0,0,0,4,2
janos_slynt,sansa_stark,64,169,1,0,0,0,0
janos_slynt,thenn_warg,64,191,0,0,0,1,0
janos_slynt,tormund,64,198,0,0,0,1,0
janos_slynt,tyrion_lannister,64,202,0,1,0,0,0
jaqen_hghar,lommy_grennhands,65,86,0,1,0,0,0
jaqen_hghar,polliver,65,134,0,1,0,0,0
jaqen_hghar,rorge,65,160,0,1,0,0,0
jaqen_hghar,the_waif,65,189,0,0,0,0,4
jaqen_hghar,tywin_lannister,65,203,0,2,0,0,0
jaqen_hghar,yoren,65,221,0,2,0,0,0
jaremy_rykker,jeor_mormont,66,67,1,0,0,0,0
jaremy_rykker,jon_snow,66,71,1,0,0,0,0
jaremy_rykker,othell_yarwyck,66,131,1,0,0,0,0
jaremy_rykker,samwell_tarly,66,166,1,0,0,0,0
jeor_mormont,jon_snow,67,71,6,4,0,0,0
jeor_mormont,karl_tanner,67,75,0,0,2,0,0
jeor_mormont,maester_aemon,67,94,1,0,0,0,0
jeor_mormont,othell_yarwyck,67,131,2,0,0,0,0
jeor_mormont,petyr_baelish,67,132,1,0,0,0,0
jeor_mormont,qhorin_halfhand,67,139,0,1,0,0,0
jeor_mormont,rast,67,147,0,0,2,0,0
jeor_mormont,samwell_tarly,67,166,2,4,4,0,0
jeor_mormont,tyrion_lannister,67,202,1,0,0,0,0
joffrey_baratheon,jory_cassel,69,74,1,0,0,0,0
joffrey_baratheon,lancel_lannister,69,81,0,3,0,0,0
joffrey_baratheon,loras_tyrell,69,87,0,1,2,1,0
joffrey_baratheon,lord_varys,69,90,4,1,1,1,0
joffrey_baratheon,mace_tyrell,69,93,0,0,0,1,0
joffrey_baratheon,mandon_moore,69,100,0,1,0,0,0
joffrey_baratheon,margaery_tyrell,69,102,0,1,4,2,0
joffrey_baratheon,marillion,69,103,1,0,0,0,0
joffrey_baratheon,meryn_trant,69,112,0,2,0,0,0
joffrey_baratheon,mycah,69,120,1,0,0,0,0
joffrey_baratheon,oberyn_martell,69,125,0,0,0,1,0
joffrey_baratheon,olenna_tyrell,69,126,0,0,2,1,0
joffrey_baratheon,petyr_baelish,69,132,3,1,0,0,0
joffrey_baratheon,podrick_payne,69,133,0,1,0,0,0
joffrey_baratheon,robert_baratheon,69,156,1,0,0,0,0
joffrey_baratheon,ros,69,161,0,1,0,0,0
joffrey_baratheon,sandor_clegane,69,168,4,5,0,0,0
joffrey_baratheon,sansa_stark,69,169,7,5,2,2,0
joffrey_baratheon,septa_mordane,69,171,1,0,0,0,0
joffrey_baratheon,ser_endrew_tarth,69,174,0,0,0,1,0
joffrey_baratheon,shae,69,175,0,1,0,0,0
joffrey_baratheon,stannis_baratheon,69,181,0,1,0,0,0
joffrey_baratheon,tyrion_lannister,69,202,1,10,2,3,0
joffrey_baratheon,tywin_lannister,69,203,0,1,2,1,0
jojen_reed,jon_snow,70,71,0,0,1,0,0
jojen_reed,karl_tanner,70,75,0,0,0,1,0
jojen_reed,meera_reed,70,107,0,0,10,6,0
jojen_reed,osha,70,130,0,0,8,0,0
jojen_reed,rast,70,147,0,0,0,2,0
jojen_reed,rickon_stark,70,154,0,0,4,0,0
jojen_reed,robb_stark,70,155,0,0,1,0,0
jojen_reed,samwell_tarly,70,166,0,0,2,0,0
jon_snow,jorah_mormont,71,73,0,0,0,0,1
jon_snow,karl_tanner,71,75,0,0,0,1,0
jon_snow,karsi,71,76,0,0,0,0,2
jon_snow,loboda,71,83,0,0,0,0,1
jon_snow,locke,71,84,0,0,0,4,0
jon_snow,lord_of_bones,71,89,0,0,1,0,0
jon_snow,maester_aemon,71,94,1,0,0,2,2
jon_snow,maester_luwin,71,95,1,0,0,0,0
jon_snow,mance_rayder,71,99,0,0,3,2,1
jon_snow,melisandre,71,109,0,0,0,0,4
jon_snow,morag,71,116,0,0,0,1,0
jon_snow,olly,71,127,0,0,0,1,4
jon_snow,orell,71,129,0,0,8,0,0
jon_snow,osha,71,130,0,0,1,0,0
jon_snow,othell_yarwyck,71,131,3,0,0,2,0
jon_snow,petyr_baelish,71,132,0,1,0,0,0
jon_snow,pypar,71,138,7,0,1,3,0
jon_snow,qhorin_halfhand,71,139,0,5,0,0,0
jon_snow,rast,71,147,3,0,0,0,0
jon_snow,rattleshirt,71,148,0,3,0,0,0
jon_snow,robb_stark,71,155,5,0,1,0,0
jon_snow,robert_baratheon,71,156,1,0,0,0,0
jon_snow,rodrik_cassel,71,158,1,0,0,0,0
jon_snow,samwell_tarly,71,166,13,4,1,10,8
jon_snow,selyse_baratheon,71,170,0,0,0,0,2
jon_snow,shireen_baratheon,71,177,0,0,0,0,1
jon_snow,stannis_baratheon,71,181,0,0,0,1,6
jon_snow,thenn_warg,71,191,0,0,0,1,0
jon_snow,theon_greyjoy,71,192,3,0,0,0,0
jon_snow,tormund,71,198,0,0,8,2,3
jon_snow,tyrion_lannister,71,202,5,0,0,0,0
jon_snow,will,71,213,1,0,0,0,0
jon_snow,wun_wun,71,216,0,0,0,0,1
jon_snow,ygritte,71,219,0,7,10,2,0
jonos_bracken,lord_galbart_glover,72,88,1,0,0,0,0
jonos_bracken,rickard_karstark,72,153,1,0,0,0,0
jonos_bracken,robb_stark,72,155,1,0,0,0,0
jonos_bracken,theon_greyjoy,72,192,1,0,0,0,0
jorah_mormont,karsi,73,76,0,0,0,0,1
jorah_mormont,khal_drogo,73,78,1,0,0,0,0
jorah_mormont,kovarro,73,79,0,1,0,0,0
jorah_mormont,kraznys_mo_nakloz,73,80,0,0,2,0,0
jorah_mormont,loboda,73,83,0,0,0,0,2
jorah_mormont,malko,73,98,0,0,0,0,1
jorah_mormont,mero,73,110,0,0,1,0,0
jorah_mormont,mirri_maz_duur,73,114,4,0,0,0,0
jorah_mormont,missandei,73,115,0,0,4,3,1
jorah_mormont,mossador,73,119,0,0,0,1,0
jorah_mormont,pyat_pree,73,137,0,1,0,0,0
jorah_mormont,qotho,73,140,1,0,0,0,0
jorah_mormont,quaithe,73,141,0,2,0,0,0
jorah_mormont,rakharo,73,144,6,0,0,0,0
jorah_mormont,spice_king,73,180,0,1,0,0,0
jorah_mormont,syrio_forel,73,184,1,0,0,0,0
jorah_mormont,tormund,73,198,0,0,0,0,1
jorah_mormont,tyrion_lannister,73,202,0,0,0,0,11
jorah_mormont,viserys_targaryen,73,207,8,0,0,0,0
jorah_mormont,wun_wun,73,216,0,0,0,0,2
jorah_mormont,xaro_xhoan_daxos,73,217,0,4,0,0,0
jory_cassel,petyr_baelish,74,132,3,0,0,0,0
jory_cassel,robert_baratheon,74,156,2,0,0,0,0
jory_cassel,sansa_stark,74,169,1,0,0,0,0
jory_cassel,tobho_mott,74,195,1,0,0,0,0
jory_cassel,yoren,74,221,1,0,0,0,0
karl_tanner,meera_reed,75,107,0,0,0,2,0
karl_tanner,rast,75,147,0,0,1,2,0
karl_tanner,samwell_tarly,75,166,0,0,2,0,0
karl_tanner,sissy,75,179,0,0,0,1,0
karsi,loboda,76,83,0,0,0,0,1
karsi,tormund,76,198,0,0,0,0,2
karsi,wun_wun,76,216,0,0,0,0,1
kevan_lannister,lancel_lannister,77,81,0,0,0,0,1
kevan_lannister,leo_lefford,77,82,1,0,0,0,0
kevan_lannister,loras_tyrell,77,87,0,0,0,0,1
kevan_lannister,mace_tyrell,77,93,0,0,0,0,1
kevan_lannister,meryn_trant,77,112,0,0,0,0,1
kevan_lannister,qyburn,77,142,0,0,0,0,1
kevan_lannister,shagga,77,176,1,0,0,0,0
kevan_lannister,tyrion_lannister,77,202,3,0,0,0,0
kevan_lannister,tywin_lannister,77,203,3,1,0,0,0
khal_drogo,mago,78,97,1,0,0,0,0
khal_drogo,mirri_maz_duur,78,114,1,0,0,0,0
khal_drogo,pyat_pree,78,137,0,1,0,0,0
khal_drogo,qotho,78,140,2,0,0,0,0
khal_drogo,viserys_targaryen,78,207,2,0,0,0,0
kovarro,pyat_pree,79,137,0,1,0,0,0
kovarro,quaithe,79,141,0,1,0,0,0
kovarro,xaro_xhoan_daxos,79,217,0,1,0,0,0
kraznys_mo_nakloz,missandei,80,115,0,0,4,0,0
lancel_lannister,loras_tyrell,81,87,0,0,0,0,2
lancel_lannister,mandon_moore,81,100,0,1,0,0,0
lancel_lannister,meryn_trant,81,112,0,1,0,0,0
lancel_lannister,olyvar,81,128,0,0,0,0,2
lancel_lannister,petyr_baelish,81,132,0,0,0,0,1
lancel_lannister,renly_baratheon,81,150,1,0,0,0,0
lancel_lannister,robert_baratheon,81,156,3,0,0,0,0
lancel_lannister,sandor_clegane,81,168,0,3,0,0,0
lancel_lannister,sansa_stark,81,169,0,3,0,0,0
lancel_lannister,shae,81,175,0,2,0,0,0
lancel_lannister,stannis_baratheon,81,181,0,1,0,0,0
lancel_lannister,tyrion_lannister,81,202,0,4,0,0,0
leo_lefford,tyrion_lannister,82,202,1,0,0,0,0
leo_lefford,tywin_lannister,82,203,1,0,0,0,0
loboda,tormund,83,198,0,0,0,0,1
loboda,wun_wun,83,216,0,0,0,0,2
locke,meera_reed,84,107,0,0,0,1,0
locke,meryn_trant,84,112,0,0,0,1,0
locke,olly,84,127,0,0,0,1,0
locke,qyburn,84,142,0,0,1,0,0
locke,ramsay_bolton,84,146,0,0,0,1,0
locke,rast,84,147,0,0,0,1,0
locke,roose_bolton,84,159,0,0,2,1,0
locke,samwell_tarly,84,166,0,0,0,1,0
locke,theon_greyjoy,84,192,0,0,0,1,0
locke,walda_bolton,84,208,0,0,0,1,0
lommy_grennhands,polliver,86,134,0,1,0,0,0
lommy_grennhands,yoren,86,221,0,1,0,0,0
loras_tyrell,maester_luwin,87,95,0,1,0,0,0
loras_tyrell,margaery_tyrell,87,102,0,4,2,1,1
loras_tyrell,marillion,87,103,1,0,0,0,0
loras_tyrell,oberyn_martell,87,125,0,0,0,1,0
loras_tyrell,olenna_tyrell,87,126,0,0,2,1,0
loras_tyrell,olyvar,87,128,0,0,1,0,1
loras_tyrell,petyr_baelish,87,132,1,3,0,0,0
loras_tyrell,renly_baratheon,87,150,2,2,0,0,0
loras_tyrell,robert_baratheon,87,156,1,0,0,0,0
loras_tyrell,sandor_clegane,87,168,1,0,0,0,0
loras_tyrell,sansa_stark,87,169,1,1,4,1,0
loras_tyrell,shae,87,175,0,0,1,0,0
loras_tyrell,tyrion_lannister,87,202,0,1,0,1,0
loras_tyrell,tywin_lannister,87,203,0,1,1,0,0
lord_galbart_glover,rickard_karstark,88,153,1,0,0,0,0
lord_galbart_glover,robb_stark,88,155,1,0,0,0,0
lord_galbart_glover,theon_greyjoy,88,192,1,0,0,0,0
lord_of_bones,mance_rayder,89,99,0,0,1,0,0
lord_of_bones,tormund,89,198,0,0,1,0,0
lord_of_bones,ygritte,89,219,0,0,1,0,0
lord_varys,mace_tyrell,90,93,0,0,0,2,0
lord_varys,margaery_tyrell,90,102,0,0,0,1,0
lord_varys,oberyn_martell,90,125,0,0,0,2,0
lord_varys,olenna_tyrell,90,126,0,0,1,0,0
lord_varys,petyr_baelish,90,132,10,1,2,0,0
lord_varys,podrick_payne,90,133,0,1,0,0,0
lord_varys,renly_baratheon,90,150,4,0,0,0,0
lord_varys,robert_baratheon,90,156,1,0,0,0,0
lord_varys,ros,90,161,0,1,1,0,0
lord_varys,royal_steward,90,163,1,0,0,0,0
lord_varys,sansa_stark,90,169,3,0,0,0,0
lord_varys,shae,90,175,0,2,1,0,0
lord_varys,tyrion_lannister,90,202,0,8,3,2,7
lord_varys,tywin_lannister,90,203,0,0,2,3,0
lothar_frey,robb_stark,91,155,0,0,2,0,0
lothar_frey,roose_bolton,91,159,0,0,1,0,0
lothar_frey,talisa_stark,91,185,0,0,1,0,0
lothar_frey,walder_frey,91,209,0,0,1,0,0
lysa_arryn,mord,92,117,1,0,0,0,0
lysa_arryn,petyr_baelish,92,132,0,0,0,2,0
lysa_arryn,robin_arryn,92,157,4,0,0,1,0
lysa_arryn,sansa_stark,92,169,0,0,0,3,0
lysa_arryn,tyrion_lannister,92,202,4,0,0,0,0
lysa_arryn,vardis_egen,92,205,1,0,0,0,0
mace_tyrell,meryn_trant,93,112,0,0,0,1,2
mace_tyrell,oberyn_martell,93,125,0,0,0,2,0
mace_tyrell,qyburn,93,142,0,0,0,0,2
mace_tyrell,shae,93,175,0,0,0,1,0
mace_tyrell,tommen_baratheon,93,197,0,0,0,1,0
mace_tyrell,tyrion_lannister,93,202,0,0,0,3,0
mace_tyrell,tywin_lannister,93,203,0,0,0,3,0
maester_aemon,othell_yarwyck,94,131,0,0,0,1,0
maester_aemon,pypar,94,138,0,0,0,2,0
maester_aemon,samwell_tarly,94,166,1,0,1,2,4
maester_aemon,tyrion_lannister,94,202,1,0,0,0,0
maester_luwin,margaery_tyrell,95,102,0,1,0,0,0
maester_luwin,osha,95,130,2,3,0,0,0
maester_luwin,renly_baratheon,95,150,0,1,0,0,0
maester_luwin,rickon_stark,95,154,0,2,0,0,0
maester_luwin,robb_stark,95,155,5,0,0,0,0
maester_luwin,rodrik_cassel,95,158,1,2,0,0,0
maester_luwin,theon_greyjoy,95,192,5,6,0,0,0
maester_luwin,tyrion_lannister,95,202,1,0,0,0,0
maggy,melara_hetherspoon,96,108,0,0,0,0,1
mago,mirri_maz_duur,97,114,1,0,0,0,0
mago,qotho,97,140,1,0,0,0,0
malko,tyrion_lannister,98,202,0,0,0,0,2
mance_rayder,melisandre,99,109,0,0,0,0,1
mance_rayder,orell,99,129,0,0,2,0,0
mance_rayder,stannis_baratheon,99,181,0,0,0,1,1
mance_rayder,tormund,99,198,0,0,3,0,0
mance_rayder,ygritte,99,219,0,0,2,0,0
mandon_moore,sandor_clegane,100,168,0,1,0,0,0
mandon_moore,stannis_baratheon,100,181,0,1,0,0,0
mandon_moore,tyrion_lannister,100,202,0,1,0,0,0
marei,styr,101,183,0,0,0,1,0
marei,thenn_warg,101,191,0,0,0,1,0
marei,tormund,101,198,0,0,0,1,0
marei,ygritte,101,219,0,0,0,1,0
margaery_tyrell,oberyn_martell,102,125,0,0,0,1,0
margaery_tyrell,olenna_tyrell,102,126,0,0,2,4,2
margaery_tyrell,olyvar,102,128,0,0,0,0,2
margaery_tyrell,petyr_baelish,102,132,0,5,0,0,0
margaery_tyrell,renly_baratheon,102,150,0,3,0,0,0
margaery_tyrell,sansa_stark,102,169,0,1,4,2,0
margaery_tyrell,tommen_baratheon,102,197,0,0,0,1,5
margaery_tyrell,tyrion_lannister,102,202,0,0,0,2,0
margaery_tyrell,tywin_lannister,102,203,0,1,0,0,0
marillion,masha_heddle,103,105,1,0,0,0,0
marillion,petyr_baelish,103,132,1,0,0,0,0
marillion,renly_baratheon,103,150,1,0,0,0,0
marillion,robert_baratheon,103,156,1,0,0,0,0
marillion,rodrik_cassel,103,158,1,0,0,0,0
marillion,sandor_clegane,103,168,2,0,0,0,0
marillion,sansa_stark,103,169,2,0,0,0,0
marillion,tyrion_lannister,103,202,1,0,0,0,0
marillion,yoren,103,221,1,0,0,0,0
martyn,rickard_karstark,104,153,0,0,1,0,0
martyn,robb_stark,104,155,0,0,1,0,0
martyn,talisa_stark,104,185,0,0,2,0,0
martyn,willem,104,214,0,0,1,0,0
masha_heddle,rodrik_cassel,105,158,1,0,0,0,0
masha_heddle,tyrion_lannister,105,202,1,0,0,0,0
masha_heddle,yoren,105,221,1,0,0,0,0
matthos_seaworth,melisandre,106,109,0,1,0,0,0
matthos_seaworth,salladhor_saan,106,165,0,1,0,0,0
matthos_seaworth,stannis_baratheon,106,181,0,1,0,0,0
meera_reed,osha,107,130,0,0,6,0,0
meera_reed,rast,107,147,0,0,0,5,0
meera_reed,rickon_stark,107,154,0,0,4,0,0
meera_reed,samwell_tarly,107,166,0,0,2,0,0
melisandre,renly_baratheon,109,150,0,1,0,0,0
melisandre,samwell_tarly,109,166,0,0,0,0,1
melisandre,selyse_baratheon,109,170,0,0,0,2,2
melisandre,shireen_baratheon,109,177,0,0,0,1,1
melisandre,stannis_baratheon,109,181,0,3,6,1,6
melisandre,thoros,109,193,0,0,3,0,0
mero,prendahl,110,135,0,0,1,0,0
merry_frey,robb_stark,111,155,0,0,1,0,0
merry_frey,walder_frey,111,209,0,0,1,0,0
meryn_trant,oberyn_martell,112,125,0,0,0,1,0
meryn_trant,podrick_payne,112,133,0,0,1,0,0
meryn_trant,qyburn,112,142,0,0,0,0,2
meryn_trant,ramsay_bolton,112,146,0,0,0,1,0
meryn_trant,roose_bolton,112,159,0,0,0,1,0
meryn_trant,sandor_clegane,112,168,0,1,0,0,0
meryn_trant,sansa_stark,112,169,1,2,0,0,0
meryn_trant,syrio_forel,112,184,1,0,0,0,0
meryn_trant,theon_greyjoy,112,192,0,0,0,1,0
meryn_trant,tommen_baratheon,112,197,0,0,0,1,0
meryn_trant,tyrion_lannister,112,202,0,2,1,1,0
meryn_trant,tywin_lannister,112,203,0,0,0,1,0
meryn_trant,walda_bolton,112,208,0,0,0,1,0
mhaegen,petyr_baelish,113,132,1,0,0,0,0
mirri_maz_duur,qotho,114,140,3,0,0,0,0
mirri_maz_duur,rakharo,114,144,2,0,0,0,0
missandei,radzal_mo_eraz,115,143,0,0,1,0,0
missandei,ralf_kenning,115,145,0,0,0,1,0
missandei,ramsay_bolton,115,146,0,0,0,1,0
missandei,theon_greyjoy,115,192,0,0,0,1,0
missandei,tyrion_lannister,115,202,0,0,0,0,1
mord,osha,117,130,1,0,0,0,0
mord,robb_stark,117,155,1,0,0,0,0
mord,syrio_forel,117,184,1,0,0,0,0
mord,tyrion_lannister,117,202,2,0,0,0,0
morgan,oberyn_martell,118,125,0,0,0,1,0
morgan,olyvar,118,128,0,0,0,1,0
morgan,tyrion_lannister,118,202,0,0,0,1,0
mycah,sansa_stark,120,169,1,0,0,0,0
myranda,ramsay_bolton,121,146,0,0,1,1,1
myranda,sansa_stark,121,169,0,0,0,0,3
myranda,tansy,121,186,0,0,0,1,0
myranda,theon_greyjoy,121,192,0,0,1,1,1
myranda,violet,121,206,0,0,1,0,0
myrcella_baratheon,obara_sand,122,124,0,0,0,0,1
myrcella_baratheon,sand_snakes,122,167,0,0,0,0,1
myrcella_baratheon,sansa_stark,122,169,0,1,0,0,0
myrcella_baratheon,tommen_baratheon,122,197,0,1,0,0,0
myrcella_baratheon,trystane_martell,122,199,0,0,0,0,3
myrcella_baratheon,tyrion_lannister,122,202,1,0,0,0,0
nymeria_sand,obara_sand,123,124,0,0,0,0,1
nymeria_sand,trystane_martell,123,199,0,0,0,0,1
nymeria_sand,tyene_sand,123,201,0,0,0,0,2
obara_sand,sand_snakes,124,167,0,0,0,0,1
obara_sand,trystane_martell,124,199,0,0,0,0,1
obara_sand,tyene_sand,124,201,0,0,0,0,2
oberyn_martell,olenna_tyrell,125,126,0,0,0,1,0
oberyn_martell,olyvar,125,128,0,0,0,2,0
oberyn_martell,samwell_tarly,125,166,0,0,0,1,0
oberyn_martell,sansa_stark,125,169,0,0,0,1,0
oberyn_martell,the_mountain,125,187,0,0,0,1,0
oberyn_martell,tommen_baratheon,125,197,0,0,0,1,0
oberyn_martell,tyrion_lannister,125,202,0,0,0,6,0
oberyn_martell,tywin_lannister,125,203,0,0,0,3,0
olenna_tyrell,olyvar,126,128,0,0,0,0,1
olenna_tyrell,petyr_baelish,126,132,0,0,0,0,1
olenna_tyrell,podrick_payne,126,133,0,0,1,0,0
olenna_tyrell,sansa_stark,126,169,0,0,2,1,0
olenna_tyrell,tyrion_lannister,126,202,0,0,1,1,0
olenna_tyrell,tywin_lannister,126,203,0,0,2,0,0
olly,samwell_tarly,127,166,0,0,0,0,1
olly,stannis_baratheon,127,181,0,0,0,0,1
olly,styr,127,183,0,0,0,1,0
olyvar,petyr_baelish,128,132,0,0,1,0,0
olyvar,samwell_tarly,128,166,0,0,0,1,0
olyvar,tyrion_lannister,128,202,0,0,0,1,0
olyvar,tywin_lannister,128,203,0,0,0,1,0
orell,tormund,129,198,0,0,9,0,0
orell,ygritte,129,219,0,0,8,0,0
osha,rickon_stark,130,154,1,3,4,0,0
osha,robb_stark,130,155,2,0,1,0,0
osha,rodrik_cassel,130,158,0,1,0,0,0
osha,theon_greyjoy,130,192,2,2,0,0,0
osha,tyrion_lannister,130,202,1,0,0,0,0
osha,wildling,130,212,1,0,0,0,0
osha,yoren,130,221,1,0,0,0,0
othell_yarwyck,pypar,131,138,0,0,0,1,0
othell_yarwyck,samwell_tarly,131,166,3,0,0,0,0
petyr_baelish,podrick_payne,132,133,0,0,1,0,1
petyr_baelish,qhorin_halfhand,132,139,0,1,0,0,0
petyr_baelish,ramsay_bolton,132,146,0,0,0,0,1
petyr_baelish,renly_baratheon,132,150,5,2,0,0,0
petyr_baelish,robert_baratheon,132,156,3,0,0,0,0
petyr_baelish,robin_arryn,132,157,0,0,0,4,0
petyr_baelish,roose_bolton,132,159,0,0,0,0,1
petyr_baelish,ros,132,161,1,1,2,0,0
petyr_baelish,royal_steward,132,163,1,0,0,0,0
petyr_baelish,sandor_clegane,132,168,1,0,0,0,0
petyr_baelish,sansa_stark,132,169,5,1,2,9,5
petyr_baelish,septa_mordane,132,171,1,0,0,0,0
petyr_baelish,shae,132,175,0,0,1,0,0
petyr_baelish,tyrion_lannister,132,202,1,3,2,0,0
petyr_baelish,tywin_lannister,132,203,0,2,1,0,0
petyr_baelish,vance_corbray,132,204,0,0,0,1,0
petyr_baelish,ygritte,132,219,0,1,0,0,0
petyr_baelish,yohn_royce,132,220,0,0,0,2,1
podrick_payne,ros,133,161,0,0,1,0,0
podrick_payne,sandor_clegane,133,168,0,1,0,1,0
podrick_payne,sansa_stark,133,169,0,0,0,0,1
podrick_payne,shae,133,175,0,1,0,0,0
podrick_payne,tyrion_lannister,133,202,0,4,7,3,0
podrick_payne,tywin_lannister,133,203,0,0,0,1,0
polliver,sandor_clegane,134,168,0,0,0,1,0
polliver,the_mountain,134,187,0,1,0,0,0
polliver,the_tickler,134,188,0,1,0,0,0
polliver,tywin_lannister,134,203,0,1,0,0,0
polliver,yoren,134,221,0,1,0,0,0
protestor,tyrion_lannister,136,202,0,1,0,0,0
pyat_pree,quaithe,137,141,0,1,0,0,0
pyat_pree,silk_king,137,178,0,1,0,0,0
pyat_pree,spice_king,137,180,0,1,0,0,0
pyat_pree,xaro_xhoan_daxos,137,217,0,2,0,0,0
pypar,rast,138,147,2,0,0,0,0
pypar,samwell_tarly,138,166,6,0,1,7,0
pypar,shae,138,175,1,0,0,0,0
pypar,tyrion_lannister,138,202,3,0,0,0,0
qhorin_halfhand,rattleshirt,139,148,0,2,0,0,0
qhorin_halfhand,robb_stark,139,155,0,1,0,0,0
qhorin_halfhand,samwell_tarly,139,166,0,1,0,0,0
qhorin_halfhand,talisa_stark,139,185,0,1,0,0,0
qhorin_halfhand,ygritte,139,219,0,2,0,0,0
qotho,rakharo,140,144,1,0,0,0,0
quaithe,xaro_xhoan_daxos,141,217,0,1,0,0,0
qyburn,rickard_karstark,142,153,0,0,1,0,0
qyburn,robb_stark,142,155,0,0,1,0,0
qyburn,roose_bolton,142,159,0,0,2,0,0
qyburn,talisa_stark,142,185,0,0,1,0,0
ralf_kenning,ramsay_bolton,145,146,0,0,0,1,0
ralf_kenning,theon_greyjoy,145,192,0,0,0,1,0
ramsay_bolton,roose_bolton,146,159,0,0,0,2,6
ramsay_bolton,sansa_stark,146,169,0,0,0,0,5
ramsay_bolton,tansy,146,186,0,0,0,1,0
ramsay_bolton,theon_greyjoy,146,192,0,0,6,6,4
ramsay_bolton,violet,146,206,0,0,1,0,0
ramsay_bolton,walda_bolton,146,208,0,0,0,1,1
ramsay_bolton,yara_greyjoy,146,218,0,0,0,1,0
rast,samwell_tarly,147,166,1,0,3,0,0
rast,sissy,147,179,0,0,0,1,0
rast,tyrion_lannister,147,202,2,0,0,0,0
rattleshirt,ygritte,148,219,0,2,0,0,0
reginald_lannister,tywin_lannister,149,203,0,1,0,0,0
renly_baratheon,robert_baratheon,150,156,4,0,0,0,0
renly_baratheon,royal_steward,150,163,1,0,0,0,0
renly_baratheon,sandor_clegane,150,168,1,0,0,0,0
renly_baratheon,sansa_stark,150,169,2,0,0,0,0
renly_baratheon,stannis_baratheon,150,181,0,1,0,0,0
renly_baratheon,tomard,150,196,1,0,0,0,0
rhaenys,sandor_clegane,152,168,0,0,1,0,0
rhaenys,thoros,152,193,0,0,1,0,0
rickard_karstark,robb_stark,153,155,1,3,3,0,0
rickard_karstark,roose_bolton,153,159,0,1,1,0,0
rickard_karstark,talisa_stark,153,185,0,1,2,0,0
rickard_karstark,theon_greyjoy,153,192,1,0,0,0,0
rickard_karstark,willem,153,214,0,0,1,0,0
rickon_stark,robb_stark,154,155,1,0,0,0,0
rickon_stark,rodrik_cassel,154,158,0,1,0,0,0
rickon_stark,theon_greyjoy,154,192,0,1,0,0,0
robb_stark,rodrik_cassel,155,158,5,0,0,0,0
robb_stark,roose_bolton,155,159,0,4,4,0,0
robb_stark,sansa_stark,155,169,2,0,0,0,0
robb_stark,septon,155,173,0,1,0,0,0
robb_stark,talisa_stark,155,185,0,6,7,0,0
robb_stark,theon_greyjoy,155,192,10,0,0,0,0
robb_stark,tyrion_lannister,155,202,2,0,0,0,0
robb_stark,walder_frey,155,209,0,0,4,0,0
robb_stark,wildling,155,212,1,0,0,0,0
robb_stark,will,155,213,1,0,0,0,0
robb_stark,willem,155,214,0,0,1,0,0
robert_baratheon,royal_steward,156,163,1,0,0,0,0
robert_baratheon,sandor_clegane,156,168,2,0,0,0,0
robert_baratheon,sansa_stark,156,169,4,0,0,0,0
robert_baratheon,septa_mordane,156,171,1,0,0,0,0
robert_baratheon,tyrion_lannister,156,202,3,0,0,0,0
robert_baratheon,viserys_targaryen,156,207,1,0,0,0,0
robin_arryn,sansa_stark,157,169,0,0,0,4,0
robin_arryn,tyrion_lannister,157,202,3,0,0,0,0
robin_arryn,vardis_egen,157,205,1,0,0,0,0
rodrik_cassel,theon_greyjoy,158,192,5,1,0,0,0
rodrik_cassel,tyrion_lannister,158,202,2,0,0,0,0
rodrik_cassel,yoren,158,221,1,0,0,0,0
roose_bolton,sansa_stark,159,169,0,0,0,0,3
roose_bolton,talisa_stark,159,185,0,3,3,0,0
roose_bolton,theon_greyjoy,159,192,0,0,0,1,2
roose_bolton,walda_bolton,159,208,0,0,0,1,1
roose_bolton,walder_frey,159,209,0,0,2,0,0
rorge,sandor_clegane,160,168,0,0,0,1,0
rorge,yoren,160,221,0,1,0,0,0
ros,sandor_clegane,161,168,0,1,0,0,0
ros,sansa_stark,161,169,0,0,1,0,0
ros,shae,161,175,0,0,1,0,0
ros,theon_greyjoy,161,192,2,0,0,0,0
ros,tyrion_lannister,161,202,1,0,1,0,0
roslin_frey,septon,162,173,0,0,1,0,0
ryger_rivers,stevron_frey,164,182,1,0,0,0,0
ryger_rivers,walder_frey,164,209,1,0,0,0,0
samwell_tarly,selyse_baratheon,166,170,0,0,0,0,1
samwell_tarly,shae,166,175,1,0,0,0,0
samwell_tarly,shireen_baratheon,166,177,0,0,0,0,1
samwell_tarly,stannis_baratheon,166,181,0,0,0,0,2
samwell_tarly,tormund,166,198,0,0,0,1,0
samwell_tarly,tyrion_lannister,166,202,2,0,0,0,0
samwell_tarly,tywin_lannister,166,203,0,0,0,1,0
samwell_tarly,ygritte,166,219,0,0,0,1,0
sand_snakes,trystane_martell,167,199,0,0,0,0,1
sandor_clegane,sansa_stark,168,169,5,4,0,0,0
sandor_clegane,shae,168,175,0,1,0,0,0
sandor_clegane,stannis_baratheon,168,181,0,2,0,0,0
sandor_clegane,thoros,168,193,0,0,4,0,0
sandor_clegane,tyrion_lannister,168,202,2,5,0,0,0
sansa_stark,septa_mordane,169,171,5,0,0,0,0
sansa_stark,shae,169,175,0,6,3,2,0
sansa_stark,syrio_forel,169,184,1,0,0,0,0
sansa_stark,theon_greyjoy,169,192,0,0,0,0,6
sansa_stark,tommen_baratheon,169,197,0,1,0,0,0
sansa_stark,tyrion_lannister,169,202,0,4,4,4,0
sansa_stark,tywin_lannister,169,203,0,1,1,0,0
sansa_stark,vance_corbray,169,204,0,0,0,1,0
sansa_stark,walda_bolton,169,208,0,0,0,0,1
sansa_stark,yohn_royce,169,220,0,0,0,1,1
selyse_baratheon,shireen_baratheon,170,177,0,0,0,0,3
selyse_baratheon,stannis_baratheon,170,181,0,0,1,2,3
septon,talisa_stark,173,185,0,1,0,0,0
shae,tyrion_lannister,175,202,4,6,3,4,0
shagga,tyrion_lannister,176,202,3,0,0,0,0
shagga,tywin_lannister,176,203,1,0,0,0,0
shireen_baratheon,stannis_baratheon,177,181,0,0,1,0,4
silk_king,spice_king,178,180,0,1,0,0,0
silk_king,xaro_xhoan_daxos,178,217,0,1,0,0,0
spice_king,xaro_xhoan_daxos,180,217,0,3,0,0,0
stannis_baratheon,tycho,181,200,0,0,0,1,0
stannis_baratheon,tyrion_lannister,181,202,0,1,0,0,0
stannis_baratheon,tywin_lannister,181,203,0,1,0,0,0
stevron_frey,walder_frey,182,209,1,0,0,0,0
styr,thenn_warg,183,191,0,0,0,1,0
styr,tormund,183,198,0,0,0,3,0
styr,ygritte,183,219,0,0,0,3,0
syrio_forel,viserys_targaryen,184,207,1,0,0,0,0
talisa_stark,walder_frey,185,209,0,0,1,0,0
talisa_stark,willem,185,214,0,0,1,0,0
tansy,theon_greyjoy,186,192,0,0,0,1,0
the_mountain,the_tickler,187,188,0,2,0,0,0
the_mountain,tyrion_lannister,187,202,0,0,0,1,0
the_mountain,tywin_lannister,187,203,0,2,0,0,0
the_tickler,tywin_lannister,188,203,0,1,0,0,0
thenn_warg,tormund,191,198,0,0,0,1,0
thenn_warg,ygritte,191,219,0,0,0,1,0
theon_greyjoy,tyrion_lannister,192,202,1,0,0,0,0
theon_greyjoy,violet,192,206,0,0,1,0,0
theon_greyjoy,walda_bolton,192,208,0,0,0,1,1
theon_greyjoy,wildling,192,212,1,0,0,0,0
theon_greyjoy,yara_greyjoy,192,218,0,5,0,1,0
timett,tyrion_lannister,194,202,0,1,0,0,0
tommen_baratheon,tyrion_lannister,197,202,0,0,0,1,0
tommen_baratheon,tywin_lannister,197,203,0,0,0,2,0
tormund,wun_wun,198,216,0,0,0,0,1
tormund,ygritte,198,219,0,0,8,4,0
trystane_martell,tyene_sand,199,201,0,0,0,0,1
tyrion_lannister,tywin_lannister,202,203,4,0,4,4,0
tyrion_lannister,vardis_egen,202,205,2,0,0,0,0
tyrion_lannister,yoren,202,221,3,0,0,0,0
vance_corbray,yohn_royce,204,220,0,0,0,1,0
vardis_egen,yoren,205,221,1,0,0,0,0
waymar_royce,will,210,213,1,0,0,0,0